"Aplicativo","DataHora","Data","Usuario","Descricao","StatusProducao","CriterioConfirmacao","EnviadoProducaoEm","EnviadoProducaoPor","VersaoListada","VersaoMinimaBanco","FonteBeta","FonteProducao"
"APP_MIGRACAO_FIREBIRD4.ZIP","10/09/2026 09:37:19","10/09/2026","1190","- Reestruturação da ferramenta visando alertar sobre erros no processo.","Nao confirmado","Nao houve correspondencia exata com versao marcada como enviada para producao","","","","","Portal Gerencial Weber - alteracoes beta por intervalo de data",""
"ATUALIZA.ZIP","03/09/2026 17:15:29","03/09/2026","1077","Adicionado validação para aceitar atualizar apenas Firebird 4 em diante.","Nao confirmado","Nao houve correspondencia exata com versao marcada como enviada para producao","","","","","Portal Gerencial Weber - alteracoes beta por intervalo de data",""
"ATUALIZA.ZIP","03/09/2026 17:29:29","03/09/2026","1077","Adicionado validação para aceitar atualizar apenas Firebird 4 em diante.","Producao confirmada","Mesmo aplicativo e mesma data/hora de carregamento na pagina de ultimas versoes beta","03/09/2026 17:29:44","FRANCISCO SCHWARZ MORAES","03/09/2026 17:29:46","180","Portal Gerencial Weber - alteracoes beta por intervalo de data","Portal Gerencial Weber - ultimas versoes beta"
"ATUALIZAPAC.ZIP","17/08/2026 13:51:44","17/08/2026","1077","Criado validação: Caso AtualizaPac rode na estação antes irá ver se o menu.exe esta em execução em algum usuário do PC para nos casos de TS ficar claro ao usuário o motivo de não prosseguir","Producao confirmada","Mesmo aplicativo e mesma data/hora de carregamento na pagina de ultimas versoes beta","17/08/2026 13:51:57","FRANCISCO SCHWARZ MORAES","17/08/2026 13:51:54","N/A","Portal Gerencial Weber - alteracoes beta por intervalo de data","Portal Gerencial Weber - ultimas versoes beta"
"DBIMP.ZIP","27/08/2026 14:09:33","27/08/2026","2152","Ajuste para normalizar texto das colunas","Nao confirmado","Nao houve correspondencia exata com versao marcada como enviada para producao","","","","","Portal Gerencial Weber - alteracoes beta por intervalo de data",""
"ECF_WS.ZIP","10/08/2026 18:19:10","10/08/2026","32","2178 - F1  para listar finalizadoras no F8 quando estiver no campo do Codigo Finalizadora | Tela do F8 nao fica mais invisivel, permanece visivel ate final das operacoes","Nao confirmado","Nao houve correspondencia exata com versao marcada como enviada para producao","","","","","Portal Gerencial Weber - alteracoes beta por intervalo de data",""
"ECF_WS.ZIP","18/08/2026 13:42:01","18/08/2026","32","Ajustado para interpretar MSG de alerta da danfe simplificada | Adicionado no menu Finalizadoras a opcao abertura de Caixa, necessita da wgfechacx.dll | Obs:Atualizar menu.zip e ecf_ws.zip e rodar menu senha em ambos","Nao confirmado","Nao houve correspondencia exata com versao marcada como enviada para producao","","","","","Portal Gerencial Weber - alteracoes beta por intervalo de data",""
"ECF_WS.ZIP","24/08/2026 10:09:59","24/08/2026","32","Ajustado para considerar MEI no PDO | Quando PDO e e OFF-Line estava considrando On-Line | Tipo Documento | 55=Danfe | 65=NFCe | 0=PDO, não estava considerando","Nao confirmado","Nao houve correspondencia exata com versao marcada como enviada para producao","","","","","Portal Gerencial Weber - alteracoes beta por intervalo de data",""
"ECF_WS.ZIP","28/08/2026 19:51:57","28/08/2026","32","RN — Alterarado o critério de busca de produtos no F2 do PDV | Ajustado Problema na Emissão de Cupom - Regime MEI para PDO | Ajustado Problema na Emissão de NFC-e com Entrega a Domicílio. rejeição 787 da SEFAZ: | Ajustado Problema no Fluxo de Vendas no PDV (Convênio/Cresce Vendas)","Nao confirmado","Nao houve correspondencia exata com versao marcada como enviada para producao","","","","","Portal Gerencial Weber - alteracoes beta por intervalo de data",""
"ECF_WS.ZIP","01/09/2026 16:12:45","01/09/2026","32","Colocado Default = 1 para o tipo de Impressao | Removido a opção E-Mail | Removido uma Mensagem de Rastreio que havia ficado. Mostrava S ou N","Nao confirmado","Nao houve correspondencia exata com versao marcada como enviada para producao","","","","","Portal Gerencial Weber - alteracoes beta por intervalo de data",""
"ECF_WS.ZIP","04/09/2026 19:12:38","04/09/2026","32","Ajustado BUG no F7 Origem_lcto estava tratando como Inteiro e deveria ser como String","Nao confirmado","Nao houve correspondencia exata com versao marcada como enviada para producao","","","","","Portal Gerencial Weber - alteracoes beta por intervalo de data",""
"ECF_WS.ZIP","09/09/2026 19:30:33","09/09/2026","32","2178 - Configuração da Opção Padrão no “Questiona Tipo Impressão” foi Ajustado | 39 - Guilhotina dos Comprovantes TEF/Convênio no PDO foi Ajustado","Nao confirmado","Nao houve correspondencia exata com versao marcada como enviada para producao","","","","","Portal Gerencial Weber - alteracoes beta por intervalo de data",""
"ECF_WS.ZIP","14/09/2026 13:31:21","14/09/2026","32","Ajustado para quando nao tiver um default de tipo de impressão, assumir 1 = Imprimir","Producao confirmada","Mesmo aplicativo e mesma data/hora de carregamento na pagina de ultimas versoes beta","14/09/2026 14:07:17","FRANCISCO SCHWARZ MORAES","14/09/2026 13:31:10","227","Portal Gerencial Weber - alteracoes beta por intervalo de data","Portal Gerencial Weber - ultimas versoes beta"
"MENU.ZIP","03/08/2026 19:39:02","03/08/2026","32","Feito seguranca na emissao de danfe para situacao pendente | 184 - Relatorio Atendidos por Faixa de Horario adicionar danfe simplificada | 184 - Relatorio Markup por Data adicionar danfe simplificada","Nao confirmado","Nao houve correspondencia exata com versao marcada como enviada para producao","","","","","Portal Gerencial Weber - alteracoes beta por intervalo de data",""
"MENU.ZIP","07/08/2026 00:04:28","07/08/2026","32","Perdia Conexao com BD quando enviava E-Mail nos relatorios antigos","Nao confirmado","Nao houve correspondencia exata com versao marcada como enviada para producao","","","","","Portal Gerencial Weber - alteracoes beta por intervalo de data",""
"MENU.ZIP","10/08/2026 18:21:02","10/08/2026","32","Incluido submenu para Precificação Avançada e Simples","Nao confirmado","Nao houve correspondencia exata com versao marcada como enviada para producao","","","","","Portal Gerencial Weber - alteracoes beta por intervalo de data",""
"MENU.ZIP","13/08/2026 18:38:57","13/08/2026","32","107 - Ajuste nos relatorios CR antigo.  Pagtos Atrasados, adicionado vlr multa + vlr_correcco + vlr_acrescimo + Juros na coluna acrescimos","Nao confirmado","Nao houve correspondencia exata com versao marcada como enviada para producao","","","","","Portal Gerencial Weber - alteracoes beta por intervalo de data",""
"MENU.ZIP","18/08/2026 13:39:03","18/08/2026","32","184 - Relatorio Markup por Data adicionar danfe simplificada, ajustado para somar os 2 numa unica linha | Ajustado no Manutencao PDV  a opçao Abertura de Caixa no PDV. | Atualizar menu.zip e ecf_ws.zip","Nao confirmado","Nao houve correspondencia exata com versao marcada como enviada para producao","","","","","Portal Gerencial Weber - alteracoes beta por intervalo de data",""
"MENU.ZIP","28/08/2026 19:55:54","28/08/2026","32","Na EMISSÃO DE NOTA FISCAL]Validação correta da soma de faturas criadas manualmente na emissão da NF-e, passado de float para currency | Ajustado Problema no Cadastro de Produtos, quando fizer insert default do CST sera branco agora | Ajustado Tratamento de exceção de banco de dados (EXC_ESTOQUE_INSUFICIENTE) na inclusão de item sem estoque em Pedidos de Saída | Ajustado Memorizar Layout de Grade (Robô do XML)","Nao confirmado","Nao houve correspondencia exata com versao marcada como enviada para producao","","","","","Portal Gerencial Weber - alteracoes beta por intervalo de data",""
"MENU.ZIP","01/09/2026 15:18:30","01/09/2026","32","Ajustadoo Relatório (Markup por Data) | Refeito Bloqueio de campos fiscais com Weber Tributário habilitado | Alterarado mensagem de except do Banco de Dados na Entrada de Notas | Ajustado Correção na chamada das Formulações de Estoque | Implementado chamada da entrada de notas em Y no Retaguarda(rodar menu senhaa)","Nao confirmado","Nao houve correspondencia exata com versao marcada como enviada para producao","","","","","Portal Gerencial Weber - alteracoes beta por intervalo de data",""
"MENU.ZIP","10/09/2026 18:33:20","10/09/2026","32","Adicionado UUID na tabela EST_MENSAL_APONTA no Apontamento Automático Estoque Negativo","Producao confirmada","Mesmo aplicativo e mesma data/hora de carregamento na pagina de ultimas versoes beta","14/09/2026 08:58:19","FRANCISCO SCHWARZ MORAES","10/09/2026 18:32:32","228","Portal Gerencial Weber - alteracoes beta por intervalo de data","Portal Gerencial Weber - ultimas versoes beta"
"PROMIS.ZIP","28/08/2026 19:52:53","28/08/2026","32","Ajustado Problema no Fluxo de Lançamentos do Contas a Receber (Promis)","Producao confirmada","Mesmo aplicativo e mesma data/hora de carregamento na pagina de ultimas versoes beta","03/09/2026 18:01:30","FRANCISCO SCHWARZ MORAES","28/08/2026 19:52:43","228","Portal Gerencial Weber - alteracoes beta por intervalo de data","Portal Gerencial Weber - ultimas versoes beta"
"SCANTECH.ZIP","27/08/2026 16:55:20","27/08/2026","1190","- Recompilação do Projeto visando atualizar Utilitarios.cs","Producao confirmada","Mesmo aplicativo e mesma data/hora de carregamento na pagina de ultimas versoes beta","03/09/2026 18:01:08","FRANCISCO SCHWARZ MORAES","27/08/2026 16:55:18","180","Portal Gerencial Weber - alteracoes beta por intervalo de data","Portal Gerencial Weber - ultimas versoes beta"
"SERVIDOR.ZIP","03/08/2026 19:40:51","03/08/2026","32","* - Implementada danfe simplificada para poder ficar pendente caso ocorra erro de comuinicacao com se-faz | * - Adicionado upd_220 entrada em Y | * - Adicionado a Mensagem quando item faz faz parte da lei complementar ""Operação sujeita ao disposto na LC n° 224 de 2025""","Nao confirmado","Nao houve correspondencia exata com versao marcada como enviada para producao","","","","","Portal Gerencial Weber - alteracoes beta por intervalo de data",""
"SERVIDOR.ZIP","05/08/2026 18:29:47","05/08/2026","32","Ajustes no XML para danfe simplificada | tpimp = 6 | Removido tag data e hora saida | Removido tag PISST","Nao confirmado","Nao houve correspondencia exata com versao marcada como enviada para producao","","","","","Portal Gerencial Weber - alteracoes beta por intervalo de data",""
"SERVIDOR.ZIP","06/08/2026 12:03:03","06/08/2026","32","Retornado para tpimp=3 para danfe simplificada e adicionada a tag PISST + dthr saida","Nao confirmado","Nao houve correspondencia exata com versao marcada como enviada para producao","","","","","Portal Gerencial Weber - alteracoes beta por intervalo de data",""
"SERVIDOR.ZIP","10/08/2026 18:16:28","10/08/2026","32","Ajustado para venda NFCe e DanfeSimplificada no PDV a gravacao na tabela PV_ATEND  para o pre-venda | Adicionado Upd_221","Nao confirmado","Nao houve correspondencia exata com versao marcada como enviada para producao","","","","","Portal Gerencial Weber - alteracoes beta por intervalo de data",""
"SERVIDOR.ZIP","12/08/2026 14:03:33","12/08/2026","32","Adicionado UPDs_222,223,224,225","Nao confirmado","Nao houve correspondencia exata com versao marcada como enviada para producao","","","","","Portal Gerencial Weber - alteracoes beta por intervalo de data",""
"SERVIDOR.ZIP","13/08/2026 13:53:14","13/08/2026","32","Adicionado UPD_226  com correção de juros/multa no ServerNFe","Nao confirmado","Nao houve correspondencia exata com versao marcada como enviada para producao","","","","","Portal Gerencial Weber - alteracoes beta por intervalo de data",""
"SERVIDOR.ZIP","14/08/2026 11:37:09","14/08/2026","32","Retirado excecao no sequencia.ib qdo atingir o limite de alter Table","Nao confirmado","Nao houve correspondencia exata com versao marcada como enviada para producao","","","","","Portal Gerencial Weber - alteracoes beta por intervalo de data",""
"SERVIDOR.ZIP","18/08/2026 13:35:39","18/08/2026","32","adicionado upd_227 | ajustado para danfe simplificada, para quando cStat 120  Autorizado o uso da NF-e com Alerta, Retorna Msg de Alerta. | Obs: Atualizar ecf_ws.zip e servidor.zip","Nao confirmado","Nao houve correspondencia exata com versao marcada como enviada para producao","","","","","Portal Gerencial Weber - alteracoes beta por intervalo de data",""
"SERVIDOR.ZIP","18/08/2026 14:38:31","18/08/2026","32","Recompilado pacote. ajustado erro no upd_227","Nao confirmado","Nao houve correspondencia exata com versao marcada como enviada para producao","","","","","Portal Gerencial Weber - alteracoes beta por intervalo de data",""
"SERVIDOR.ZIP","19/08/2026 14:45:21","19/08/2026","32","2174 -  No PDV quando consultava o X-MAPA o ServerNFE não estava considerando a Hora.","Nao confirmado","Nao houve correspondencia exata com versao marcada como enviada para producao","","","","","Portal Gerencial Weber - alteracoes beta por intervalo de data",""
"SERVIDOR.ZIP","26/08/2026 19:00:20","26/08/2026","32","Adicionado o UPD_228","Nao confirmado","Nao houve correspondencia exata com versao marcada como enviada para producao","","","","","Portal Gerencial Weber - alteracoes beta por intervalo de data",""
"SERVIDOR.ZIP","31/08/2026 10:54:26","31/08/2026","32","Adicionado UPD_229 referente notificacao do comunica PDV","Nao confirmado","Nao houve correspondencia exata com versao marcada como enviada para producao","","","","","Portal Gerencial Weber - alteracoes beta por intervalo de data",""
"SERVIDOR.ZIP","02/09/2026 17:14:00","02/09/2026","32","Adicionado os UPDs  230 ate 291 referente estoque novo","Nao confirmado","Nao houve correspondencia exata com versao marcada como enviada para producao","","","","","Portal Gerencial Weber - alteracoes beta por intervalo de data",""
"SERVIDOR.ZIP","08/09/2026 13:36:53","08/09/2026","32","Ajustado API da listagem do fechamneto Mapa","Nao confirmado","Nao houve correspondencia exata com versao marcada como enviada para producao","","","","","Portal Gerencial Weber - alteracoes beta por intervalo de data",""
"SERVIDOR.ZIP","09/09/2026 17:38:24","09/09/2026","32","Adicionado UPD_292, Correcao de lentidao, Cria Indices","Nao confirmado","Nao houve correspondencia exata com versao marcada como enviada para producao","","","","","Portal Gerencial Weber - alteracoes beta por intervalo de data",""
"SERVIDOR.ZIP","10/09/2026 18:31:09","10/09/2026","32","Atualizado e substituido os upds 234,249,250","Nao confirmado","Nao houve correspondencia exata com versao marcada como enviada para producao","","","","","Portal Gerencial Weber - alteracoes beta por intervalo de data",""
"WDLLNFE.ZIP","03/08/2026 19:46:47","03/08/2026","32","Adicionado a Mensagem quando item faz faz parte da lei complementar ""Operação sujeita ao disposto na LC n° 224 de 2025""  na  tag InfAdic.infAdFisco","Nao confirmado","Nao houve correspondencia exata com versao marcada como enviada para producao","","","","","Portal Gerencial Weber - alteracoes beta por intervalo de data",""
"WDLLNFE.ZIP","07/08/2026 00:02:49","07/08/2026","32","Dependendo da situacao perdia conexao com BD quando usava e-mail","Nao confirmado","Nao houve correspondencia exata com versao marcada como enviada para producao","","","","","Portal Gerencial Weber - alteracoes beta por intervalo de data",""
"WDLLNFE.ZIP","10/09/2026 16:52:22","10/09/2026","32","Ajustado Bug onde colocava como optante do simples para regime Normal","Producao confirmada","Mesmo aplicativo e mesma data/hora de carregamento na pagina de ultimas versoes beta","14/09/2026 08:58:27","FRANCISCO SCHWARZ MORAES","10/09/2026 16:52:15","184","Portal Gerencial Weber - alteracoes beta por intervalo de data","Portal Gerencial Weber - ultimas versoes beta"
"WGALERTAS.ZIP","26/08/2026 10:34:04","26/08/2026","1077","Recompilado devido a desativação da gravação de log em LOG_FORM.","Nao confirmado","Nao houve correspondencia exata com versao marcada como enviada para producao","","","","","Portal Gerencial Weber - alteracoes beta por intervalo de data",""
"WGALERTAS.ZIP","26/08/2026 10:34:43","26/08/2026","1077","Recompilado devido a desativação da gravação de log em LOG_FORM.","Producao confirmada","Mesmo aplicativo e mesma data/hora de carregamento na pagina de ultimas versoes beta","03/09/2026 18:03:42","FRANCISCO SCHWARZ MORAES","26/08/2026 10:34:55","202","Portal Gerencial Weber - alteracoes beta por intervalo de data","Portal Gerencial Weber - ultimas versoes beta"
"WGCOMPRAS.ZIP","27/08/2026 17:22:30","27/08/2026","1190","- Ajustes e correções conforme demandas via PlannerX. | - Inclusao de novas funcionalidades e recursos | - Recompilação do Projeto visando atualizar Utilitarios.cs","Producao confirmada","Mesmo aplicativo e mesma data/hora de carregamento na pagina de ultimas versoes beta","03/09/2026 18:01:24","FRANCISCO SCHWARZ MORAES","27/08/2026 17:22:22","180","Portal Gerencial Weber - alteracoes beta por intervalo de data","Portal Gerencial Weber - ultimas versoes beta"
"WGCRESCEVENDAS.ZIP","27/08/2026 16:50:20","27/08/2026","1190","- Recompilação do Projeto visando atualizar Utilitarios.cs","Nao confirmado","Nao houve correspondencia exata com versao marcada como enviada para producao","","","","","Portal Gerencial Weber - alteracoes beta por intervalo de data",""
"WGESTOQUE.ZIP","03/08/2026 10:37:15","03/08/2026","1077","Adicionado metodo GravaOrdemProducaoJsonTransacional na DLL para uso na Entrada de Notas em Y.","Nao confirmado","Nao houve correspondencia exata com versao marcada como enviada para producao","","","","","Portal Gerencial Weber - alteracoes beta por intervalo de data",""
"WGESTOQUE.ZIP","04/08/2026 17:16:36","04/08/2026","1077","Ajustado componentes de tradução, demanda 408 insideops","Nao confirmado","Nao houve correspondencia exata com versao marcada como enviada para producao","","","","","Portal Gerencial Weber - alteracoes beta por intervalo de data",""
"WGESTOQUE.ZIP","20/08/2026 14:24:09","20/08/2026","1190","- Correção de layout e lógica no form de itens da Formula de Desmontagem. | - Ajustes pontuais na lógica do Estoque Novo","Nao confirmado","Nao houve correspondencia exata com versao marcada como enviada para producao","","","","","Portal Gerencial Weber - alteracoes beta por intervalo de data",""
"WGESTOQUE.ZIP","27/08/2026 15:55:13","27/08/2026","1190","- Correções no controle de Lotes e exibição de dados. | - Ajustes de layout e validações em pontos do projeto | - Recompilação do Projeto visando atualizar Utilitarios.cs","Nao confirmado","Nao houve correspondencia exata com versao marcada como enviada para producao","","","","","Portal Gerencial Weber - alteracoes beta por intervalo de data",""
"WGESTOQUE.ZIP","03/09/2026 11:57:35","03/09/2026","1190","- Ajuste no argumento da chamada via Menu","Nao confirmado","Nao houve correspondencia exata com versao marcada como enviada para producao","","","","","Portal Gerencial Weber - alteracoes beta por intervalo de data",""
"WGESTOQUE.ZIP","03/09/2026 15:19:04","03/09/2026","1190","- Remoção de mensagens de rastreio","Nao confirmado","Nao houve correspondencia exata com versao marcada como enviada para producao","","","","","Portal Gerencial Weber - alteracoes beta por intervalo de data",""
"WGESTOQUE.ZIP","08/09/2026 10:35:37","08/09/2026","1190","- Correção em comportamento ao editar Etapas de Ordem de Produção","Nao confirmado","Nao houve correspondencia exata com versao marcada como enviada para producao","","","","","Portal Gerencial Weber - alteracoes beta por intervalo de data",""
"WGFECHACX.ZIP","27/08/2026 17:45:45","27/08/2026","1190","Primeiro upload - Projeto base","Producao confirmada","Mesmo aplicativo e mesma data/hora de carregamento na pagina de ultimas versoes beta","03/09/2026 18:01:12","FRANCISCO SCHWARZ MORAES","27/08/2026 17:45:41","181","Portal Gerencial Weber - alteracoes beta por intervalo de data","Portal Gerencial Weber - ultimas versoes beta"
"WGFINANC.ZIP","04/08/2026 08:19:01","04/08/2026","1077","- Adicionado opção de configurar meio de pagamento e espécie de documento padrão por fornecedor na entrada de notas.","Nao confirmado","Nao houve correspondencia exata com versao marcada como enviada para producao","","","","","Portal Gerencial Weber - alteracoes beta por intervalo de data",""
"WGFINANC.ZIP","12/08/2026 11:54:58","12/08/2026","1077","Ajuste na inclusão multipla CP/CR. | No modo FIXO, agora o dia é limitado ao último dia do mês. Assim, com vencimento-base em 30/08 e intervalo 30, a parcela de fevereiro será 28/02 (ou 29/02 em ano bissexto), sem exceção. | A regra foi aplicada tanto para CP quanto para CR.","Nao confirmado","Nao houve correspondencia exata com versao marcada como enviada para producao","","","","","Portal Gerencial Weber - alteracoes beta por intervalo de data",""
"WGFINANC.ZIP","13/08/2026 08:39:07","13/08/2026","1077","Corrigido ordem de tabulação na inclusão múltipla.","Nao confirmado","Nao houve correspondencia exata com versao marcada como enviada para producao","","","","","Portal Gerencial Weber - alteracoes beta por intervalo de data",""
"WGFINANC.ZIP","21/08/2026 13:58:39","21/08/2026","1077","Correção nos botões de configuração do layout DRE","Nao confirmado","Nao houve correspondencia exata com versao marcada como enviada para producao","","","","","Portal Gerencial Weber - alteracoes beta por intervalo de data",""
"WGFINANC.ZIP","26/08/2026 10:05:10","26/08/2026","1077","Recompilado devido a desativação da gravação de log em LOG_FORM.","Nao confirmado","Nao houve correspondencia exata com versao marcada como enviada para producao","","","","","Portal Gerencial Weber - alteracoes beta por intervalo de data",""
"WGFINANC.ZIP","27/08/2026 10:34:37","27/08/2026","1077","- Removido a opção ""Cadastros"" de utilitarios/configs e colocado como primeira opção da barra superior do menu do módulo. | - Adicionado opção de abrir Cadastro de carteiras | - Adicionado opção de abrir Cadastro de clientes/fornecedores | -- Ambos as opções acima validam a permissão de Ferramentas > Configura Menu.","Producao confirmada","Mesmo aplicativo e mesma data/hora de carregamento na pagina de ultimas versoes beta","03/09/2026 18:03:31","FRANCISCO SCHWARZ MORAES","27/08/2026 10:34:50","220","Portal Gerencial Weber - alteracoes beta por intervalo de data","Portal Gerencial Weber - ultimas versoes beta"
"WGHELPS.ZIP","26/08/2026 10:52:34","26/08/2026","1077","Recompilado devido a desativação da gravação de log em LOG_FORM.","Producao confirmada","Mesmo aplicativo e mesma data/hora de carregamento na pagina de ultimas versoes beta","03/09/2026 18:03:39","FRANCISCO SCHWARZ MORAES","26/08/2026 10:52:46","180","Portal Gerencial Weber - alteracoes beta por intervalo de data","Portal Gerencial Weber - ultimas versoes beta"
"WGLCTONOTA.ZIP","03/08/2026 15:57:08","03/08/2026","1077","A sugestão de CFOP da entrada manual foi ajustada: | UF do fornecedor igual à UF da loja: 5102 | UF diferente: 6102 | ----- | Ajustado para todos os pontos onde seja possível preencher manualmente o campo Documento da fatura limitar a 30 caracteres, tamanho do banco de dados, evitando Overflow. | ----- | Ajustado ordenação da revisão de faturas na entrada assistida e manual. | ---- | Melhorada a busca e associação de produtos:GTIN correspondente não força mais 100% de similaridade. | Descrição passou a representar 98% da similaridade. | UNM e NCM acrescentam 1% cada quando compatíveis. | Divergências de UNM/NCM continuam reduzindo a pontuação. | Incluídos alertas para divergências de descrição, peso/apresentação, unidade, NCM e fornecedor. | Adicionado ícone de sucesso na coluna Critério quando o GTIN corresponde. | ----- | Redesenhada a tela de associação de produtos para resolução mínima de 1000×600 px, com melhor distribuição dos dados e da grade. | ----- | Implementado o bloqueio de valores negativos. | Entrada Manual: frete, seguro, despesas e desconto são rejeitados ao incluir o item; a regra também foi reforçada no cálculo e na validação final. | Auditoria: incluídas validações para custo de compra e todos os campos de ICMS ST. | Salvamento central: valida todas as propriedades decimais dos itens antes de persistir, cobrindo campos preenchidos indiretamente. | ----- | CFOP e CST agora são validados contra os registros ativos de TAB_CFOP e TAB_CST na entrada manual, tanto ao adicionar o item quanto antes de gravar a nota. | Incluídos botões F4 e atalho F4 para pesquisar CFOP e CST na entrada manual. | O CST digitado passou a ser preservado; não é mais substituído silenciosamente pelo CST do produto na entrada manual. | ---- | Analise > Variações preço compra: | Ajustado: o botão agora abre o cadastro com o código do produto da linha selecionada. Sem seleção, exibe um aviso e não abre o cadastro vazio.","Nao confirmado","Nao houve correspondencia exata com versao marcada como enviada para producao","","","","","Portal Gerencial Weber - alteracoes beta por intervalo de data",""
"WGLCTONOTA.ZIP","04/08/2026 11:04:26","04/08/2026","1077","## Entrada de Notas — Configuração Financeira | - Incluída configuração de meio de pagamento e espécie de documento por fornecedor, com prevalência sobre a configuração da loja. | - Permite selecionar ou alterar essas configurações na etapa de faturas das entradas manual e assistida; a seleção da fatura prevalece sobre as configurações padrão. | - Atualizadas as validações e mensagens para orientar a configuração por fornecedor ou loja. | - Na entrada manual, ao alterar o fornecedor, produtos, faturas e configurações financeiras carregadas são limpos.","Nao confirmado","Nao houve correspondencia exata com versao marcada como enviada para producao","","","","","Portal Gerencial Weber - alteracoes beta por intervalo de data",""
"WGLCTONOTA.ZIP","04/08/2026 17:14:17","04/08/2026","1077","---- | Adicionada validação de configuração financeira ao abrir o Controle de Entradas. | Regra central de gravação preservada. | ---- | Raking de produtos comprados: | Corrigida a ordenação do Ranking por valor numérico. | Corrigida a ordenação do Código do Produto. | Corrigida a ordenação cronológica de Última Compra. | ---- | Analise: Variação de preço de compra | Corrigida a ordenação numérica da coluna Produto. | Corrigida a ordenação cronológica de Data de Entrada e Data Anterior. | ---- | Corrigido layout do valor total do item no lançamento manual. | Grades da revisão com redimensionamento de colunas habilitado. | ----","Nao confirmado","Nao houve correspondencia exata com versao marcada como enviada para producao","","","","","Portal Gerencial Weber - alteracoes beta por intervalo de data",""
"WGLCTONOTA.ZIP","05/08/2026 09:23:52","05/08/2026","1077","Ajuste overflow na serie da NF na entrada manual.","Nao confirmado","Nao houve correspondencia exata com versao marcada como enviada para producao","","","","","Portal Gerencial Weber - alteracoes beta por intervalo de data",""
"WGLCTONOTA.ZIP","05/08/2026 10:34:57","05/08/2026","1077","Ajustado coluna Conv. CFOP da etapa de CFOP/CST da entrada manual, mas segue a situação auto-size.","Nao confirmado","Nao houve correspondencia exata com versao marcada como enviada para producao","","","","","Portal Gerencial Weber - alteracoes beta por intervalo de data",""
"WGLCTONOTA.ZIP","05/08/2026 13:20:47","05/08/2026","1077","Corrigido Dashboard: As duas roscas agora reduzem automaticamente o raio interno conforme a área útil do gráfico; em 1366×768 elas permanecem inteiras, sem invadir a grade","Nao confirmado","Nao houve correspondencia exata com versao marcada como enviada para producao","","","","","Portal Gerencial Weber - alteracoes beta por intervalo de data",""
"WGLCTONOTA.ZIP","05/08/2026 16:55:38","05/08/2026","1077","- Corrigida a conversão da quantidade do item na tela de lotes da Entrada Assistida. | - Lotes importados do XML agora exibem a quantidade já convertida pelo fator da associação. | - Exemplo: `0,100 MIL × 50` passa a exibir `5,000` unidades. | - Validação de quantidade inteira dos lotes passa a considerar o valor convertido.","Nao confirmado","Nao houve correspondencia exata com versao marcada como enviada para producao","","","","","Portal Gerencial Weber - alteracoes beta por intervalo de data",""
"WGLCTONOTA.ZIP","06/08/2026 10:15:39","06/08/2026","1077","- Ajustado responsividade do Dashboard","Nao confirmado","Nao houve correspondencia exata com versao marcada como enviada para producao","","","","","Portal Gerencial Weber - alteracoes beta por intervalo de data",""
"WGLCTONOTA.ZIP","06/08/2026 10:34:15","06/08/2026","1077","Ajustado posição das colunas da etapa de conversão CFOP e CST","Nao confirmado","Nao houve correspondencia exata com versao marcada como enviada para producao","","","","","Portal Gerencial Weber - alteracoes beta por intervalo de data",""
"WGLCTONOTA.ZIP","06/08/2026 11:02:53","06/08/2026","1077","Adicionado validação da configuração de plano financeiro sugerido ao abrir o módulo, mas mantem validação antes da gravação da entrada.","Nao confirmado","Nao houve correspondencia exata com versao marcada como enviada para producao","","","","","Portal Gerencial Weber - alteracoes beta por intervalo de data",""
"WGLCTONOTA.ZIP","06/08/2026 13:13:08","06/08/2026","1077","Bloqueado edição do local e a variação de estoque na auditoria do item.","Nao confirmado","Nao houve correspondencia exata com versao marcada como enviada para producao","","","","","Portal Gerencial Weber - alteracoes beta por intervalo de data",""
"WGLCTONOTA.ZIP","06/08/2026 14:09:49","06/08/2026","1077","Adicionado opção ""Logs - Auditoria"" no Dashboard. | - Esta opção é controlada pela permissão ""Consultar logs de auditoria""","Nao confirmado","Nao houve correspondencia exata com versao marcada como enviada para producao","","","","","Portal Gerencial Weber - alteracoes beta por intervalo de data",""
"WGLCTONOTA.ZIP","12/08/2026 15:05:24","12/08/2026","1077","- Incluído lançamento, importação e leitura de XML de CT-e modelo 57. | - Implementado vínculo e rateio de CT-e nos itens das NF-es. | - Adicionados frete bruto e crédito tributário do CT-e nos itens de entrada. | - Atualização automática de custos do rateio CT-e e tabelas de preços conforme configurações e produtos associados. | - Auditoria da entrada agora exibe Frete CT-e e Crédito CT-e. | - Fórmulas de Compra e Custo Final disponíveis por tooltip na auditoria, centralizadas com o cálculo para evitar divergências futuras. | - Entrada manual: validação de UF para aceitar somente estados brasileiros válidos. | - Entrada manual: validação de CFOP por origem, bloqueando a inclusão de itens com primeiro dígito diferente na mesma nota. | - Entrada manual: CST/CSOSN filtrado e validado pelo regime tributário do fornecedor, conforme enum próprio do fluxo manual.","Nao confirmado","Nao houve correspondencia exata com versao marcada como enviada para producao","","","","","Portal Gerencial Weber - alteracoes beta por intervalo de data",""
"WGLCTONOTA.ZIP","12/08/2026 17:05:54","12/08/2026","1077","-Liberado filtros de Status NF e Tipo/Condição | -Melhorar mensagem de cadastro de Usuario Master ( Especifica o caminho de onde configurar caso não tenha configurado ainda )","Nao confirmado","Nao houve correspondencia exata com versao marcada como enviada para producao","","","","","Portal Gerencial Weber - alteracoes beta por intervalo de data",""
"WGLCTONOTA.ZIP","18/08/2026 15:18:06","18/08/2026","1077","Ajuste em NF-es referenciadas no CT-e: | - Grade de NF-e agora exibe valor total, fornecedor e data/hora de lançamento. | - Adicionado “Ver NF-e” ao lado de “Ignorar justificadamente”. | ---------------- | Ajuste em grade “Memória do rateio” no CT-e: | - Agrupa fixamente por versão, sem permitir remover o agrupamento. | - Ordena versões da mais recente para a mais antiga. | - Expande somente a versão mais recente ao carregar. | - Mostra, no rodapé de cada versão, os totais de frete bruto, crédito e frete custo.","Nao confirmado","Nao houve correspondencia exata com versao marcada como enviada para producao","","","","","Portal Gerencial Weber - alteracoes beta por intervalo de data",""
"WGLCTONOTA.ZIP","18/08/2026 15:24:20","18/08/2026","1077","Ajuste em NF-es referenciadas no CT-e: | - Grade de NF-e agora exibe valor total, fornecedor e data/hora de lançamento. | - Adicionado “Ver NF-e” ao lado de “Ignorar justificadamente”. | ---------------- | Ajuste em grade “Memória do rateio” no CT-e: | - Agrupa fixamente por versão, sem permitir remover o agrupamento. | - Ordena versões da mais recente para a mais antiga. | - Expande somente a versão mais recente ao carregar. | - Mostra, no rodapé de cada versão, os totais de frete bruto, crédito e frete custo. | ------------- | Ajuste no botão Cancelar CT-e: | -Tooltip no botão “Cancelar CT-e” explicando que o cancelamento é interno, estorna o rateio e altera o status, sem cancelar na SEFAZ. | -Confirmação reforçada com as mesmas informações e a pergunta “Deseja continuar com essas informações?”.","Nao confirmado","Nao houve correspondencia exata com versao marcada como enviada para producao","","","","","Portal Gerencial Weber - alteracoes beta por intervalo de data",""
"WGLCTONOTA.ZIP","19/08/2026 15:55:08","19/08/2026","1077","A revisão da entrada assistida agora mostra PIS e COFINS calculados pelas regras de entrada.","Nao confirmado","Nao houve correspondencia exata com versao marcada como enviada para producao","","","","","Portal Gerencial Weber - alteracoes beta por intervalo de data",""
"WGLCTONOTA.ZIP","25/08/2026 15:53:18","25/08/2026","1077","Ajuste na validação do ICMs na auditoria do item da entrada de notas","Nao confirmado","Nao houve correspondencia exata com versao marcada como enviada para producao","","","","","Portal Gerencial Weber - alteracoes beta por intervalo de data",""
"WGLCTONOTA.ZIP","26/08/2026 10:04:29","26/08/2026","1077","Recompilado devido a desativação da gravação de log em LOG_FORM.","Nao confirmado","Nao houve correspondencia exata com versao marcada como enviada para producao","","","","","Portal Gerencial Weber - alteracoes beta por intervalo de data",""
"WGLCTONOTA.ZIP","03/09/2026 18:02:59","03/09/2026","1077","Recompilado por conta de alteração no utilitários para não gravar mais LOG_FORM","Nao confirmado","Nao houve correspondencia exata com versao marcada como enviada para producao","","","","","Portal Gerencial Weber - alteracoes beta por intervalo de data",""
"WGLCTONOTA.ZIP","04/09/2026 16:10:52","04/09/2026","1077","Desativado obrigatoriamente a loja a ter estoque novo para usar o módulo de controle de entradas","Nao confirmado","Nao houve correspondencia exata com versao marcada como enviada para producao","","","","","Portal Gerencial Weber - alteracoes beta por intervalo de data",""
"WGLCTONOTA.ZIP","11/09/2026 15:05:50","11/09/2026","1077","Ajustado botão de cadastro de produtos na tela de associação de código do fornecedor","Nao confirmado","Nao houve correspondencia exata com versao marcada como enviada para producao","","","","","Portal Gerencial Weber - alteracoes beta por intervalo de data",""
"WGLOGS.ZIP","06/08/2026 13:45:22","06/08/2026","1077","Adicionado parametro nomeExecutavel na chamada DLL de log ações gerais para já trazer os resultados filtrados pelo exeutável em questão.","Nao confirmado","Nao houve correspondencia exata com versao marcada como enviada para producao","","","","","Portal Gerencial Weber - alteracoes beta por intervalo de data",""
"WGLOGS.ZIP","26/08/2026 10:24:14","26/08/2026","1077","Recompilado devido a desativação da gravação de log em LOG_FORM.","Producao confirmada","Mesmo aplicativo e mesma data/hora de carregamento na pagina de ultimas versoes beta","03/09/2026 18:03:57","FRANCISCO SCHWARZ MORAES","26/08/2026 10:24:25","180","Portal Gerencial Weber - alteracoes beta por intervalo de data","Portal Gerencial Weber - ultimas versoes beta"
"WGNFE.ZIP","13/08/2026 15:55:20","13/08/2026","1077","Corrigido: a devolução agora grava a alíquota original do XML (ALIQ_IPI) conforme demanda IOS #995","Nao confirmado","Nao houve correspondencia exata com versao marcada como enviada para producao","","","","","Portal Gerencial Weber - alteracoes beta por intervalo de data",""
"WGNFE.ZIP","26/08/2026 10:16:41","26/08/2026","1077","Recompilado devido a desativação da gravação de log em LOG_FORM.","Producao confirmada","Mesmo aplicativo e mesma data/hora de carregamento na pagina de ultimas versoes beta","03/09/2026 18:04:07","FRANCISCO SCHWARZ MORAES","26/08/2026 10:16:52","191","Portal Gerencial Weber - alteracoes beta por intervalo de data","Portal Gerencial Weber - ultimas versoes beta"
"WGNOTIFICACOES.ZIP","13/08/2026 18:08:02","13/08/2026","1077","Ajuste no sobre da configuração: Estoque Mínimo em Tempo Real | Correção de português e melhoramento da descrição.","Nao confirmado","Nao houve correspondencia exata com versao marcada como enviada para producao","","","","","Portal Gerencial Weber - alteracoes beta por intervalo de data",""
"WGNOTIFICACOES.ZIP","27/08/2026 09:17:53","27/08/2026","1077","Criado notificações ""Produtos sem Ajuste Tributário"" e ""Produtos Rejeitados pelo Ajuste Weber Tributário""","Nao confirmado","Nao houve correspondencia exata com versao marcada como enviada para producao","","","","","Portal Gerencial Weber - alteracoes beta por intervalo de data",""
"WGNOTIFICACOES.ZIP","31/08/2026 13:25:12","31/08/2026","1077","Criado nova notificação ""Carga PDV Desatualizada""","Producao confirmada","Mesmo aplicativo e mesma data/hora de carregamento na pagina de ultimas versoes beta","03/09/2026 18:00:43","FRANCISCO SCHWARZ MORAES","31/08/2026 13:25:29","229","Portal Gerencial Weber - alteracoes beta por intervalo de data","Portal Gerencial Weber - ultimas versoes beta"
"WGPED.ZIP","26/08/2026 10:11:22","26/08/2026","2152","Recompilado para adequar a desativação temporária da gravação do LOG_FORM no utilitários","Producao confirmada","Mesmo aplicativo e mesma data/hora de carregamento na pagina de ultimas versoes beta","03/09/2026 18:04:15","FRANCISCO SCHWARZ MORAES","26/08/2026 10:11:05","218","Portal Gerencial Weber - alteracoes beta por intervalo de data","Portal Gerencial Weber - ultimas versoes beta"
"WGPESSOA.ZIP","26/08/2026 10:14:16","26/08/2026","2152","Recompilado por conta de alteração no utilitários para não gravar mais LOG_FORM","Producao confirmada","Mesmo aplicativo e mesma data/hora de carregamento na pagina de ultimas versoes beta","03/09/2026 18:04:11","FRANCISCO SCHWARZ MORAES","26/08/2026 10:13:59","208","Portal Gerencial Weber - alteracoes beta por intervalo de data","Portal Gerencial Weber - ultimas versoes beta"
"WGPRECOS.ZIP","06/08/2026 10:22:35","06/08/2026","1190","- Correções pontuais na grade de precificação.","Nao confirmado","Nao houve correspondencia exata com versao marcada como enviada para producao","","","","","Portal Gerencial Weber - alteracoes beta por intervalo de data",""
"WGPRECOS.ZIP","27/08/2026 17:44:24","27/08/2026","1190","- Ajustes e correções conforme demandas via PlannerX. | - Recompilação do Projeto visando atualizar Utilitarios.cs","Producao confirmada","Mesmo aplicativo e mesma data/hora de carregamento na pagina de ultimas versoes beta","03/09/2026 18:01:17","FRANCISCO SCHWARZ MORAES","27/08/2026 17:44:21","185","Portal Gerencial Weber - alteracoes beta por intervalo de data","Portal Gerencial Weber - ultimas versoes beta"
"WGPRODUTOS.ZIP","13/08/2026 14:54:57","13/08/2026","1077","Adicionado tooltip sobre o campo Lei Complementar 224/2025.","Nao confirmado","Nao houve correspondencia exata com versao marcada como enviada para producao","","","","","Portal Gerencial Weber - alteracoes beta por intervalo de data",""
"WGPRODUTOS.ZIP","26/08/2026 10:20:08","26/08/2026","1077","Recompilado devido a desativação da gravação de log em LOG_FORM.","Nao confirmado","Nao houve correspondencia exata com versao marcada como enviada para producao","","","","","Portal Gerencial Weber - alteracoes beta por intervalo de data",""
"WGPRODUTOS.ZIP","01/09/2026 15:44:34","01/09/2026","1077","Removido opção de chamada teste da nova entrada de notas agora que o Menu tem a opção padrão","Producao confirmada","Mesmo aplicativo e mesma data/hora de carregamento na pagina de ultimas versoes beta","03/09/2026 18:00:14","FRANCISCO SCHWARZ MORAES","01/09/2026 15:44:49","192","Portal Gerencial Weber - alteracoes beta por intervalo de data","Portal Gerencial Weber - ultimas versoes beta"
"WGREPORT.ZIP","21/08/2026 08:51:13","21/08/2026","1077","Criado relatório ""Produtos > Promoções ativas no produto""","Nao confirmado","Nao houve correspondencia exata com versao marcada como enviada para producao","","","","","Portal Gerencial Weber - alteracoes beta por intervalo de data",""
"WGREPORT.ZIP","21/08/2026 09:29:31","21/08/2026","1077","Criado relatório ""Produtos > Promoções ativas no produto""","Nao confirmado","Nao houve correspondencia exata com versao marcada como enviada para producao","","","","","Portal Gerencial Weber - alteracoes beta por intervalo de data",""
"WGREPORT.ZIP","21/08/2026 10:02:42","21/08/2026","1077","Adicionado coluna de validade inicio, fim, preço de venda e desconto no relatório ""Produtos > Promoções ativas no produto""","Nao confirmado","Nao houve correspondencia exata com versao marcada como enviada para producao","","","","","Portal Gerencial Weber - alteracoes beta por intervalo de data",""
"WGREPORT.ZIP","26/08/2026 10:18:06","26/08/2026","1077","Recompilado devido a desativação da gravação de log em LOG_FORM.","Producao confirmada","Mesmo aplicativo e mesma data/hora de carregamento na pagina de ultimas versoes beta","03/09/2026 18:04:01","FRANCISCO SCHWARZ MORAES","26/08/2026 10:18:17","180","Portal Gerencial Weber - alteracoes beta por intervalo de data","Portal Gerencial Weber - ultimas versoes beta"
"WGSYNC.ZIP","27/08/2026 16:14:35","27/08/2026","1190","- Ajuste no sistema de Logs, incluindo opção de gravação em BD. | - Recompilação do Projeto visando atualizar Utilitarios.cs","Producao confirmada","Mesmo aplicativo e mesma data/hora de carregamento na pagina de ultimas versoes beta","03/09/2026 18:03:28","FRANCISCO SCHWARZ MORAES","27/08/2026 16:14:32","180","Portal Gerencial Weber - alteracoes beta por intervalo de data","Portal Gerencial Weber - ultimas versoes beta"
"WGSYNCLIB.ZIP","27/08/2026 16:17:53","27/08/2026","1190","- Correção nas mensagens de erro na consulta de Produtos. | - Recompilação do Projeto visando atualizar Utilitarios.cs","Nao confirmado","Nao houve correspondencia exata com versao marcada como enviada para producao","","","","","Portal Gerencial Weber - alteracoes beta por intervalo de data",""
"WGSYNCLIB.ZIP","02/09/2026 09:45:45","02/09/2026","1190","- Correção de modo de compilação pós exclusao da funcionalidade de Log Forms | - Correção nas mensagens de erro na consulta de Produtos. | - Recompilação do Projeto visando atualizar Utilitarios.cs","Producao confirmada","Mesmo aplicativo e mesma data/hora de carregamento na pagina de ultimas versoes beta","03/09/2026 17:59:46","FRANCISCO SCHWARZ MORAES","02/09/2026 09:45:45","180","Portal Gerencial Weber - alteracoes beta por intervalo de data","Portal Gerencial Weber - ultimas versoes beta"
"WGTABS.ZIP","26/08/2026 10:25:14","26/08/2026","1077","Recompilado devido a desativação da gravação de log em LOG_FORM.","Producao confirmada","Mesmo aplicativo e mesma data/hora de carregamento na pagina de ultimas versoes beta","03/09/2026 18:03:53","FRANCISCO SCHWARZ MORAES","26/08/2026 10:25:25","180","Portal Gerencial Weber - alteracoes beta por intervalo de data","Portal Gerencial Weber - ultimas versoes beta"
"WG_CCUSTO.ZIP","26/08/2026 10:27:29","26/08/2026","1077","Recompilado devido a desativação da gravação de log em LOG_FORM.","Producao confirmada","Mesmo aplicativo e mesma data/hora de carregamento na pagina de ultimas versoes beta","03/09/2026 18:03:50","FRANCISCO SCHWARZ MORAES","26/08/2026 10:27:41","180","Portal Gerencial Weber - alteracoes beta por intervalo de data","Portal Gerencial Weber - ultimas versoes beta"
"WG_CONTAS.ZIP","26/08/2026 10:28:22","26/08/2026","1077","Recompilado devido a desativação da gravação de log em LOG_FORM.","Producao confirmada","Mesmo aplicativo e mesma data/hora de carregamento na pagina de ultimas versoes beta","03/09/2026 18:03:46","FRANCISCO SCHWARZ MORAES","26/08/2026 10:28:34","180","Portal Gerencial Weber - alteracoes beta por intervalo de data","Portal Gerencial Weber - ultimas versoes beta"
"WPAC0001.ZIP","26/08/2026 19:27:37","26/08/2026","32","Adicionado no Bloco-M os registros da lei-complementar. | Obs:ainda e beta. Nao consegui instalar o validador na minha maquina.  Hd com pouco espaco | Portanto ainda nao validei","Producao confirmada","Mesmo aplicativo e mesma data/hora de carregamento na pagina de ultimas versoes beta","03/09/2026 18:03:35","FRANCISCO SCHWARZ MORAES","26/08/2026 19:27:31","180","Portal Gerencial Weber - alteracoes beta por intervalo de data","Portal Gerencial Weber - ultimas versoes beta"
"WPROTRIB.ZIP","04/09/2026 17:53:31","04/09/2026","1077","Aumentado timeout na obtenção dos produtos na API para tributo para 3min","Nao confirmado","Nao houve correspondencia exata com versao marcada como enviada para producao","","","","","Portal Gerencial Weber - alteracoes beta por intervalo de data",""
