"Aplicativo","Pasta","BaixaAtualizacaoBeta","VersaoListada","VersaoMinimaBanco","CarregadoEm","CarregadoPor","StatusProducao","EnviadoProducaoEm","EnviadoProducaoPor","OQueMudou","Fonte"
"APP_MIGRACAO_FIREBIRD4.ZIP","OUTROS","0","10/09/2026 09:37:24","N/A","10/09/2026 09:37:19","JEFERSON DA ROSA","Nao confirmado","","","- Reestruturação da ferramenta visando alertar sobre erros no processo.","Portal Gerencial Weber - ultimas versoes beta"
"ATUALIZA.ZIP","VPN","0","03/09/2026 17:29:46","180","03/09/2026 17:29:29","FRANCISCO SCHWARZ MORAES","Producao confirmada","03/09/2026 17:29:44","FRANCISCO SCHWARZ MORAES","Adicionado validação para aceitar atualizar apenas Firebird 4 em diante.","Portal Gerencial Weber - ultimas versoes beta"
"ATUALIZAPAC.ZIP","COMUM","1","17/08/2026 13:51:54","N/A","17/08/2026 13:51:44","FRANCISCO SCHWARZ MORAES","Producao confirmada","17/08/2026 13:51:57","FRANCISCO SCHWARZ MORAES","Criado validação: Caso AtualizaPac rode na estação antes irá ver se o menu.exe esta em execução em algum usuário do PC para nos casos de TS ficar claro ao usuário o motivo de não prosseguir","Portal Gerencial Weber - ultimas versoes beta"
"AVISO_BACKUP.ZIP","ESTACAO","0","28/03/2024 09:58:11","N/A","28/03/2024 09:58:11","FRANCISCO SCHWARZ MORAES","Nao confirmado","","","Versao que estava no site dia 28/03/2024.","Portal Gerencial Weber - ultimas versoes beta"
"BANCOZERADO.ZIP","OUTROS","0","15/09/2026 15:24:23","292","15/09/2026 15:24:23","FRANCISCO SCHWARZ MORAES","Nao confirmado","","","Atulizado para updates da versão de produção","Portal Gerencial Weber - ultimas versoes beta"
"BUSCAPRE.ZIP","VPN","1","28/03/2024 09:24:34","180","28/03/2024 09:24:34","FRANCISCO SCHWARZ MORAES","Producao confirmada","09/07/2025 15:34:00","FRANCISCO SCHWARZ MORAES","Versao que estava no site dia 28/03/2024.","Portal Gerencial Weber - ultimas versoes beta"
"COLETOR1.ZIP","ESTACAO","1","28/03/2024 09:41:53","180","28/03/2024 09:41:53","FRANCISCO SCHWARZ MORAES","Nao confirmado","","","Versao que estava no site dia 28/03/2024.","Portal Gerencial Weber - ultimas versoes beta"
"CTE.ZIP","ESTACAO","1","17/10/2025 14:54:46","180","17/10/2025 14:54:47","WILSON WEBER","Nao confirmado","","","Criado opcao de Cancelamento por XML","Portal Gerencial Weber - ultimas versoes beta"
"DBIMP.ZIP","OUTROS","0","27/08/2026 14:09:16","N/A","27/08/2026 14:09:33","IGOR VILLELA","Nao confirmado","","","Ajuste para normalizar texto das colunas","Portal Gerencial Weber - ultimas versoes beta"
"ECF_WS.ZIP","PDV","1","14/09/2026 13:31:10","227","14/09/2026 13:31:21","WILSON WEBER","Producao confirmada","14/09/2026 14:07:17","FRANCISCO SCHWARZ MORAES","Ajustado para quando nao tiver um default de tipo de impressão, assumir 1 = Imprimir","Portal Gerencial Weber - ultimas versoes beta"
"GONDOLA.ZIP","ESTACAO","1","24/01/2026 07:28:00","180","24/01/2026 07:28:06","WILSON WEBER","Producao confirmada","04/05/2026 08:52:43","FRANCISCO SCHWARZ MORAES","Ajustado bug, quando marcado flag bebida gelada, nao estava considerando o Multi-preco.","Portal Gerencial Weber - ultimas versoes beta"
"INSTALA.ZIP","VPN","0","05/12/2024 16:26:19","180","05/12/2024 16:26:19","WILSON WEBER","Nao confirmado","","","Ajustado Bug ao Copiar arquivos para pacs","Portal Gerencial Weber - ultimas versoes beta"
"MENU.ZIP","ESTACAO","1","10/09/2026 18:32:32","228","10/09/2026 18:33:20","WILSON WEBER","Producao confirmada","14/09/2026 08:58:19","FRANCISCO SCHWARZ MORAES","Adicionado UUID na tabela EST_MENSAL_APONTA no Apontamento Automático Estoque Negativo","Portal Gerencial Weber - ultimas versoes beta"
"MENUDLL.ZIP","ESTACAO","1","11/07/2025 12:12:01","180","11/07/2025 12:12:02","WILSON WEBER","Producao confirmada","21/07/2025 09:07:47","FRANCISCO SCHWARZ MORAES","Retirado fbclient.dll do pacote","Portal Gerencial Weber - ultimas versoes beta"
"NETFRAMEWORK4_8.ZIP","OUTROS","0","01/07/2024 11:58:33","N/A","01/07/2024 11:58:37","FRANCISCO SCHWARZ MORAES","Nao confirmado","","","Versão do instalador Offline do Net Framework 4.8","Portal Gerencial Weber - ultimas versoes beta"
"NETFRAMEWORK4_8_1.ZIP","OUTROS","0","31/07/2024 14:48:44","N/A","31/07/2024 14:48:46","FRANCISCO SCHWARZ MORAES","Nao confirmado","","",".Net Framework 4.8.1 - Usado em alguns casos em Windows Server 2022 quando não é possível com .Net Framework 4.8","Portal Gerencial Weber - ultimas versoes beta"
"PDVDLL.ZIP","PDV","1","12/05/2025 20:18:36","180","12/05/2025 20:18:37","WILSON WEBER","Producao confirmada","02/06/2025 09:02:42","FRANCISCO SCHWARZ MORAES","Removido os arquivos H_CLIE e H_PROD. | Obs:atualizar ecf_ws.zip","Portal Gerencial Weber - ultimas versoes beta"
"PROMIS.ZIP","ESTACAO","1","28/08/2026 19:52:43","228","28/08/2026 19:52:53","WILSON WEBER","Producao confirmada","03/09/2026 18:01:30","FRANCISCO SCHWARZ MORAES","Ajustado Problema no Fluxo de Lançamentos do Contas a Receber (Promis)","Portal Gerencial Weber - ultimas versoes beta"
"R4_FIREBIRD_25.ZIP","OUTROS","0","15/04/2024 14:28:07","N/A","15/04/2024 14:28:07","FRANCISCO SCHWARZ MORAES","Nao confirmado","","","Primeira versão, garantindo que o restore já torne o banco de dados com paginas de 16Mb.","Portal Gerencial Weber - ultimas versoes beta"
"R4_FIREBIRD_4.ZIP","OUTROS","0","11/06/2025 17:47:34","N/A","11/06/2025 17:47:34","FRANCISCO SCHWARZ MORAES","Nao confirmado","","","Primeira versão do R4 e R10 para Firebird 4.","Portal Gerencial Weber - ultimas versoes beta"
"R4_SQLITE3.ZIP","OUTROS","0","21/06/2024 15:16:40","N/A","21/06/2024 15:16:39","FRANCISCO SCHWARZ MORAES","Nao confirmado","","","Aplicação para realizar a recuperação do banco de dados SQLite, usado no PDV, exemplo: FechaPDV_CXA.dbw","Portal Gerencial Weber - ultimas versoes beta"
"SCANTECH.ZIP","VPN","1","27/08/2026 16:55:18","180","27/08/2026 16:55:20","JEFERSON DA ROSA","Producao confirmada","03/09/2026 18:01:08","FRANCISCO SCHWARZ MORAES","- Recompilação do Projeto visando atualizar Utilitarios.cs","Portal Gerencial Weber - ultimas versoes beta"
"SCHEMAS.ZIP","COMUM","1","20/04/2026 09:39:59","N/A","20/04/2026 09:40:08","WILSON WEBER","Producao confirmada","04/05/2026 08:45:32","FRANCISCO SCHWARZ MORAES","Adicionado arquivo DANFeSimplificada","Portal Gerencial Weber - ultimas versoes beta"
"SERVIDOR.ZIP","VPN","1","15/09/2026 12:12:42","291","15/09/2026 12:13:13","WILSON WEBER","Nao confirmado","","","Adicionado Upds 293,294,295, 295R | No sw.exe upd  (mouse botao direito no botao aplicar, adicionado funcao manual de Reset estoque novo)","Portal Gerencial Weber - ultimas versoes beta"
"SINCEST.ZIP","ESTACAO","1","28/03/2024 09:59:28","N/A","28/03/2024 09:59:28","FRANCISCO SCHWARZ MORAES","Producao confirmada","09/07/2025 15:36:21","FRANCISCO SCHWARZ MORAES","Versao que estava no site dia 28/03/2024.","Portal Gerencial Weber - ultimas versoes beta"
"SITEF32.ZIP.Z","PDV","1","15/05/2026 11:55:34","N/A","15/05/2026 11:55:14","FRANCISCO SCHWARZ MORAES","Producao confirmada","15/05/2026 11:57:19","FRANCISCO SCHWARZ MORAES","Atualizado dlls internas","Portal Gerencial Weber - ultimas versoes beta"
"TERMC1.ZIP","ESTACAO","1","07/07/2024 13:39:32","180","07/07/2024 13:39:33","WILSON WEBER","Producao confirmada","12/12/2024 09:13:42","FRANCISCO SCHWARZ MORAES","Recompilado para nova estrutura das pastas temp. Agora fica dentro de Log/temp/aaaa_mm\Diaxx\ para pode fazer a limpeza automatica da pasta temp. | Versão do site em 07/07/2024 13hrs.","Portal Gerencial Weber - ultimas versoes beta"
"TERMC2.ZIP","ESTACAO","1","07/07/2024 13:39:05","180","07/07/2024 13:39:05","WILSON WEBER","Producao confirmada","12/12/2024 09:14:42","FRANCISCO SCHWARZ MORAES","Recompilado para nova estrutura das pastas temp. Agora fica dentro de Log/temp/aaaa_mm\Diaxx\ para pode fazer a limpeza automatica da pasta temp. | Versão do site em 07/07/2024 13hrs.","Portal Gerencial Weber - ultimas versoes beta"
"TERMC3.ZIP","ESTACAO","1","07/07/2024 13:38:39","180","07/07/2024 13:38:39","WILSON WEBER","Producao confirmada","09/07/2025 15:24:35","FRANCISCO SCHWARZ MORAES","Recompilado para nova estrutura das pastas temp. Agora fica dentro de Log/temp/aaaa_mm\Diaxx\ para pode fazer a limpeza automatica da pasta temp. | Versão do site em 07/07/2024 13hrs.","Portal Gerencial Weber - ultimas versoes beta"
"TERMC4.ZIP","ESTACAO","1","07/07/2024 13:37:58","180","07/07/2024 13:37:58","WILSON WEBER","Producao confirmada","09/07/2025 15:26:14","FRANCISCO SCHWARZ MORAES","Recompilado para nova estrutura das pastas temp. Agora fica dentro de Log/temp/aaaa_mm\Diaxx\ para pode fazer a limpeza automatica da pasta temp. | Versão do site em 07/07/2024 13hrs.","Portal Gerencial Weber - ultimas versoes beta"
"TERMCOMP.ZIP","ESTACAO","1","07/07/2024 13:34:33","180","07/07/2024 13:34:33","WILSON WEBER","Producao confirmada","09/07/2025 15:27:23","FRANCISCO SCHWARZ MORAES","Recompilado para nova estrutura das pastas temp. Agora fica dentro de Log/temp/aaaa_mm\Diaxx\ para pode fazer a limpeza automatica da pasta temp. | Versão do site em 07/07/2024 13hrs.","Portal Gerencial Weber - ultimas versoes beta"
"TERMEST.ZIP","ESTACAO","1","06/04/2026 15:31:12","180","06/04/2026 15:31:16","WILSON WEBER","Producao confirmada","04/05/2026 08:46:18","FRANCISCO SCHWARZ MORAES","Nao funciona mais se flag estoque novo estiver true","Portal Gerencial Weber - ultimas versoes beta"
"TESTEC.ZIP","OUTROS","0","08/04/2024 15:54:24","N/A","08/04/2024 15:54:24","FRANCISCO SCHWARZ MORAES","Nao confirmado","","","Versão disponível no beta em 21/06/2023","Portal Gerencial Weber - ultimas versoes beta"
"TROCADT.ZIP","ESTACAO","0","28/03/2024 09:37:43","180","28/03/2024 09:37:43","FRANCISCO SCHWARZ MORAES","Nao confirmado","","","Versao que estava no site dia 28/03/2024.","Portal Gerencial Weber - ultimas versoes beta"
"VASILHAM.ZIP","ESTACAO","1","04/02/2026 17:30:53","180","04/02/2026 17:31:00","WILSON WEBER","Producao confirmada","04/05/2026 08:52:32","FRANCISCO SCHWARZ MORAES","Erro na Gestão de Vasilhames, somente recompilado ja que nao consegui reproduzir","Portal Gerencial Weber - ultimas versoes beta"
"VIPAGAME.ZIP","OUTROS","0","29/08/2024 14:23:34","N/A","29/08/2024 14:23:35","FRANCISCO SCHWARZ MORAES","Nao confirmado","","","Correção da impressão de boletos não traz a mensagem quando é feita a impressão.  Quando seleciona as mensagens padrão que terão que aparecer no boleto, o app consegue inclui-las dentro do boletos no retaguarda no campo DEMONSTRATIVO. Porém ao realizar a impressão, a mensagem não aparecia em nenhuma parte da visualização do boleto.","Portal Gerencial Weber - ultimas versoes beta"
"VPNDLL.ZIP","VPN","1","11/07/2025 12:09:11","180","11/07/2025 12:09:11","WILSON WEBER","Producao confirmada","21/07/2025 09:08:14","FRANCISCO SCHWARZ MORAES","Retirado fbclient.dll do pacote","Portal Gerencial Weber - ultimas versoes beta"
"WDLLBOL.ZIP","ESTACAO","1","11/02/2026 16:18:07","180","11/02/2026 16:20:04","WILSON WEBER","Producao confirmada","04/05/2026 08:49:23","FRANCISCO SCHWARZ MORAES","1225 - Numero da Remessa ao Gerar incrementa + 1.","Portal Gerencial Weber - ultimas versoes beta"
"WDLLCOLE.ZIP","ESTACAO","1","16/07/2026 10:07:22","180","16/07/2026 10:07:26","WILSON WEBER","Producao confirmada","16/07/2026 17:59:32","FRANCISCO SCHWARZ MORAES","767 - Verificação de erro em query de Coleta em Pré-Conferencia  dllcole | Apos importacao, na funcao validação ajustado conexao com FB2.5 x FB4.0","Portal Gerencial Weber - ultimas versoes beta"
"WDLLNFE.ZIP","ESTACAO","1","10/09/2026 16:52:15","184","10/09/2026 16:52:22","WILSON WEBER","Producao confirmada","14/09/2026 08:58:27","FRANCISCO SCHWARZ MORAES","Ajustado Bug onde colocava como optante do simples para regime Normal","Portal Gerencial Weber - ultimas versoes beta"
"WDLLPE.ZIP","ESTACAO","1","09/05/2025 10:56:23","180","09/05/2025 10:56:23","WILSON WEBER","Producao confirmada","21/07/2025 09:11:53","FRANCISCO SCHWARZ MORAES","Foi adicionado mensagem toda vez que abrir de que esta ferramenta foi descontinuada","Portal Gerencial Weber - ultimas versoes beta"
"WEBERAPPUPLOADER.ZIP","OUTROS","0","15/05/2026 11:54:34","180","15/05/2026 11:54:15","FRANCISCO SCHWARZ MORAES","Nao confirmado","","","Ajustado para não validar dlls internas de SITEF32.ZIP.Z","Portal Gerencial Weber - ultimas versoes beta"
"WEBER_PEDIDOS.ZIP","APPS_ANDROID","0","26/09/2024 09:27:05","180","26/09/2024 09:27:05","FRANCISCO SCHWARZ MORAES","Nao confirmado","","","Criado nova configuração para o aplicativo: | Parâmetro: #APP_PEDIDOS_SOMA_ESTOQUE_TODAS_LOJAS=False | Configuração: O valor informado corresponde ao fato de somar o estoque(EST_ATUAL) de todas as lojas representando como saldo de estoque do produto na sincronização local, quando True irá somar. Default é FALSE.","Portal Gerencial Weber - ultimas versoes beta"
"WGALERTAS.ZIP","ESTACAO","1","26/08/2026 10:34:55","202","26/08/2026 10:34:43","FRANCISCO SCHWARZ MORAES","Producao confirmada","03/09/2026 18:03:42","FRANCISCO SCHWARZ MORAES","Recompilado devido a desativação da gravação de log em LOG_FORM.","Portal Gerencial Weber - ultimas versoes beta"
"WGCADPROF.ZIP","ESTACAO","1","28/03/2024 09:58:00","180","28/03/2024 09:58:00","FRANCISCO SCHWARZ MORAES","Producao confirmada","09/07/2025 16:47:01","FRANCISCO SCHWARZ MORAES","Versao que estava no site dia 28/03/2024.","Portal Gerencial Weber - ultimas versoes beta"
"WGCOMPRAS.ZIP","ESTACAO","1","27/08/2026 17:22:22","180","27/08/2026 17:22:30","JEFERSON DA ROSA","Producao confirmada","03/09/2026 18:01:24","FRANCISCO SCHWARZ MORAES","- Ajustes e correções conforme demandas via PlannerX. | - Inclusao de novas funcionalidades e recursos | - Recompilação do Projeto visando atualizar Utilitarios.cs","Portal Gerencial Weber - ultimas versoes beta"
"WGCRESCEVENDAS.ZIP","VPN","1","27/08/2026 16:50:16","180","27/08/2026 16:50:20","JEFERSON DA ROSA","Nao confirmado","","","- Recompilação do Projeto visando atualizar Utilitarios.cs","Portal Gerencial Weber - ultimas versoes beta"
"WGCRM.ZIP","ESTACAO","1","28/03/2024 09:56:12","180","28/03/2024 09:56:12","FRANCISCO SCHWARZ MORAES","Producao confirmada","09/07/2025 16:27:51","FRANCISCO SCHWARZ MORAES","Versao que estava no site dia 28/03/2024.","Portal Gerencial Weber - ultimas versoes beta"
"WGESTOQUE.ZIP","ESTACAO","1","08/09/2026 10:35:41","180","08/09/2026 10:35:37","JEFERSON DA ROSA","Nao confirmado","","","- Correção em comportamento ao editar Etapas de Ordem de Produção","Portal Gerencial Weber - ultimas versoes beta"
"WGFECHACX.ZIP","PDV","1","27/08/2026 17:45:41","181","27/08/2026 17:45:45","JEFERSON DA ROSA","Producao confirmada","03/09/2026 18:01:12","FRANCISCO SCHWARZ MORAES","Primeiro upload - Projeto base","Portal Gerencial Weber - ultimas versoes beta"
"WGFINANC.ZIP","ESTACAO","1","27/08/2026 10:34:50","220","27/08/2026 10:34:37","FRANCISCO SCHWARZ MORAES","Producao confirmada","03/09/2026 18:03:31","FRANCISCO SCHWARZ MORAES","- Removido a opção ""Cadastros"" de utilitarios/configs e colocado como primeira opção da barra superior do menu do módulo. | - Adicionado opção de abrir Cadastro de carteiras | - Adicionado opção de abrir Cadastro de clientes/fornecedores | -- Ambos as opções acima validam a permissão de Ferramentas > Configura Menu.","Portal Gerencial Weber - ultimas versoes beta"
"WGHELPS.ZIP","ESTACAO","1","26/08/2026 10:52:46","180","26/08/2026 10:52:34","FRANCISCO SCHWARZ MORAES","Producao confirmada","03/09/2026 18:03:39","FRANCISCO SCHWARZ MORAES","Recompilado devido a desativação da gravação de log em LOG_FORM.","Portal Gerencial Weber - ultimas versoes beta"
"WGLCTONOTA.ZIP","ESTACAO","1","11/09/2026 15:06:13","227","11/09/2026 15:05:50","FRANCISCO SCHWARZ MORAES","Nao confirmado","","","Ajustado botão de cadastro de produtos na tela de associação de código do fornecedor","Portal Gerencial Weber - ultimas versoes beta"
"WGLOGS.ZIP","ESTACAO","1","26/08/2026 10:24:25","180","26/08/2026 10:24:14","FRANCISCO SCHWARZ MORAES","Producao confirmada","03/09/2026 18:03:57","FRANCISCO SCHWARZ MORAES","Recompilado devido a desativação da gravação de log em LOG_FORM.","Portal Gerencial Weber - ultimas versoes beta"
"WGMCONN.ZIP","ESTACAO","1","23/04/2025 10:45:27","180","23/04/2025 10:45:27","FRANCISCO SCHWARZ MORAES","Nao confirmado","","","- Adicionado syncfusion licensing para utilitarios | V1.03","Portal Gerencial Weber - ultimas versoes beta"
"WGMCPROD.ZIP","ESTACAO","1","28/03/2024 09:45:04","180","28/03/2024 09:45:04","FRANCISCO SCHWARZ MORAES","Producao confirmada","09/07/2025 16:45:21","FRANCISCO SCHWARZ MORAES","Versao que estava no site dia 28/03/2024.","Portal Gerencial Weber - ultimas versoes beta"
"WGNFE.ZIP","ESTACAO","1","26/08/2026 10:16:52","191","26/08/2026 10:16:41","FRANCISCO SCHWARZ MORAES","Producao confirmada","03/09/2026 18:04:07","FRANCISCO SCHWARZ MORAES","Recompilado devido a desativação da gravação de log em LOG_FORM.","Portal Gerencial Weber - ultimas versoes beta"
"WGNOTIFICACOES.ZIP","COMUM","1","31/08/2026 13:25:29","229","31/08/2026 13:25:12","FRANCISCO SCHWARZ MORAES","Producao confirmada","03/09/2026 18:00:43","FRANCISCO SCHWARZ MORAES","Criado nova notificação ""Carga PDV Desatualizada""","Portal Gerencial Weber - ultimas versoes beta"
"WGNTFVERSION.ZIP","ESTACAO","1","09/06/2026 17:00:37","180","09/06/2026 17:00:25","FRANCISCO SCHWARZ MORAES","Producao confirmada","09/06/2026 17:00:41","FRANCISCO SCHWARZ MORAES","Ajuste no erro que persistia em alguns retaguardas fecharem após a validação inicial","Portal Gerencial Weber - ultimas versoes beta"
"WGPED.ZIP","ESTACAO","1","26/08/2026 10:11:05","218","26/08/2026 10:11:22","IGOR VILLELA","Producao confirmada","03/09/2026 18:04:15","FRANCISCO SCHWARZ MORAES","Recompilado para adequar a desativação temporária da gravação do LOG_FORM no utilitários","Portal Gerencial Weber - ultimas versoes beta"
"WGPESSOA.ZIP","ESTACAO","1","26/08/2026 10:13:59","208","26/08/2026 10:14:16","IGOR VILLELA","Producao confirmada","03/09/2026 18:04:11","FRANCISCO SCHWARZ MORAES","Recompilado por conta de alteração no utilitários para não gravar mais LOG_FORM","Portal Gerencial Weber - ultimas versoes beta"
"WGPRECOS.ZIP","ESTACAO","1","27/08/2026 17:44:21","185","27/08/2026 17:44:24","JEFERSON DA ROSA","Producao confirmada","03/09/2026 18:01:17","FRANCISCO SCHWARZ MORAES","- Ajustes e correções conforme demandas via PlannerX. | - Recompilação do Projeto visando atualizar Utilitarios.cs","Portal Gerencial Weber - ultimas versoes beta"
"WGPRODUTOS.ZIP","ESTACAO","1","01/09/2026 15:44:49","192","01/09/2026 15:44:34","FRANCISCO SCHWARZ MORAES","Producao confirmada","03/09/2026 18:00:14","FRANCISCO SCHWARZ MORAES","Removido opção de chamada teste da nova entrada de notas agora que o Menu tem a opção padrão","Portal Gerencial Weber - ultimas versoes beta"
"WGREPORT.ZIP","ESTACAO","1","26/08/2026 10:18:17","180","26/08/2026 10:18:06","FRANCISCO SCHWARZ MORAES","Producao confirmada","03/09/2026 18:04:01","FRANCISCO SCHWARZ MORAES","Recompilado devido a desativação da gravação de log em LOG_FORM.","Portal Gerencial Weber - ultimas versoes beta"
"WGSYNC.ZIP","VPN","1","27/08/2026 16:14:32","180","27/08/2026 16:14:35","JEFERSON DA ROSA","Producao confirmada","03/09/2026 18:03:28","FRANCISCO SCHWARZ MORAES","- Ajuste no sistema de Logs, incluindo opção de gravação em BD. | - Recompilação do Projeto visando atualizar Utilitarios.cs","Portal Gerencial Weber - ultimas versoes beta"
"WGSYNCLIB.ZIP","ESTACAO","1","02/09/2026 09:45:45","180","02/09/2026 09:45:45","JEFERSON DA ROSA","Producao confirmada","03/09/2026 17:59:46","FRANCISCO SCHWARZ MORAES","- Correção de modo de compilação pós exclusao da funcionalidade de Log Forms | - Correção nas mensagens de erro na consulta de Produtos. | - Recompilação do Projeto visando atualizar Utilitarios.cs","Portal Gerencial Weber - ultimas versoes beta"
"WGTABS.ZIP","ESTACAO","1","26/08/2026 10:25:25","180","26/08/2026 10:25:14","FRANCISCO SCHWARZ MORAES","Producao confirmada","03/09/2026 18:03:53","FRANCISCO SCHWARZ MORAES","Recompilado devido a desativação da gravação de log em LOG_FORM.","Portal Gerencial Weber - ultimas versoes beta"
"WG_CCUSTO.ZIP","ESTACAO","1","26/08/2026 10:27:41","180","26/08/2026 10:27:29","FRANCISCO SCHWARZ MORAES","Producao confirmada","03/09/2026 18:03:50","FRANCISCO SCHWARZ MORAES","Recompilado devido a desativação da gravação de log em LOG_FORM.","Portal Gerencial Weber - ultimas versoes beta"
"WG_CONTAS.ZIP","ESTACAO","1","26/08/2026 10:28:34","180","26/08/2026 10:28:22","FRANCISCO SCHWARZ MORAES","Producao confirmada","03/09/2026 18:03:46","FRANCISCO SCHWARZ MORAES","Recompilado devido a desativação da gravação de log em LOG_FORM.","Portal Gerencial Weber - ultimas versoes beta"
"WMAIL.ZIP","ESTACAO","1","04/09/2024 10:39:42","180","04/09/2024 10:39:42","FRANCISCO SCHWARZ MORAES","Producao confirmada","04/09/2024 11:20:14","FRANCISCO SCHWARZ MORAES","Primeiro carregamento para beta, dll responsável pelo envio e configuração dos e-mails utilizados nos módulos desenvolvidos em C#, exemplo: WGCOMPRAS.DLL","Portal Gerencial Weber - ultimas versoes beta"
"WMOOVIN.ZIP","VPN","0","28/03/2024 10:55:09","180","28/03/2024 10:55:09","FRANCISCO SCHWARZ MORAES","Nao confirmado","","","Versão do beta em 28/03/2024.","Portal Gerencial Weber - ultimas versoes beta"
"WPAC0001.ZIP","ESTACAO","1","26/08/2026 19:27:31","180","26/08/2026 19:27:37","WILSON WEBER","Producao confirmada","03/09/2026 18:03:35","FRANCISCO SCHWARZ MORAES","Adicionado no Bloco-M os registros da lei-complementar. | Obs:ainda e beta. Nao consegui instalar o validador na minha maquina.  Hd com pouco espaco | Portanto ainda nao validei","Portal Gerencial Weber - ultimas versoes beta"
"WPAC0003.ZIP","ESTACAO","1","12/12/2024 19:33:25","180","12/12/2024 19:33:25","WILSON WEBER","Producao confirmada","12/12/2024 19:50:29","FRANCISCO SCHWARZ MORAES","Foi recompilado para ser compativel com menu","Portal Gerencial Weber - ultimas versoes beta"
"WPAC0004.ZIP","ESTACAO","0","28/03/2024 09:41:04","180","28/03/2024 09:41:04","FRANCISCO SCHWARZ MORAES","Nao confirmado","","","Versao que estava no site dia 28/03/2024.","Portal Gerencial Weber - ultimas versoes beta"
"WPAC0005.ZIP","ESTACAO","1","12/12/2024 19:33:52","180","12/12/2024 19:33:53","WILSON WEBER","Producao confirmada","12/12/2024 19:50:07","FRANCISCO SCHWARZ MORAES","Foi recompilado para ser compativel com menu","Portal Gerencial Weber - ultimas versoes beta"
"WPAC0006.ZIP","ESTACAO","1","20/02/2025 12:43:31","180","20/02/2025 12:43:32","WILSON WEBER","Producao confirmada","21/02/2025 10:42:08","FRANCISCO SCHWARZ MORAES","Ajustado Bug da Imagem do controle patrimonial","Portal Gerencial Weber - ultimas versoes beta"
"WPAC0007.ZIP","ESTACAO","0","28/03/2024 09:34:48","180","28/03/2024 09:34:49","FRANCISCO SCHWARZ MORAES","Nao confirmado","","","Versao que estava no site dia 28/03/2024.","Portal Gerencial Weber - ultimas versoes beta"
"WPAC0008.ZIP","ESTACAO","1","27/01/2025 20:22:34","180","27/01/2025 20:22:34","WILSON WEBER","Producao confirmada","21/02/2025 10:49:46","FRANCISCO SCHWARZ MORAES","Recompilado para fins compatibilidade","Portal Gerencial Weber - ultimas versoes beta"
"WPAC0009.ZIP","ESTACAO","0","28/03/2024 09:41:14","180","28/03/2024 09:41:14","FRANCISCO SCHWARZ MORAES","Nao confirmado","","","Versao que estava no site dia 28/03/2024.","Portal Gerencial Weber - ultimas versoes beta"
"WPAC0010.ZIP","ESTACAO","0","28/03/2024 09:59:36","180","28/03/2024 09:59:36","FRANCISCO SCHWARZ MORAES","Nao confirmado","","","Versao que estava no site dia 28/03/2024.","Portal Gerencial Weber - ultimas versoes beta"
"WPAC0011.ZIP","ESTACAO","1","27/01/2025 20:24:20","180","27/01/2025 20:24:20","WILSON WEBER","Producao confirmada","21/02/2025 10:49:31","FRANCISCO SCHWARZ MORAES","Recompilado para fins compatibilidade","Portal Gerencial Weber - ultimas versoes beta"
"WPAC0012.ZIP","ESTACAO","1","23/01/2026 13:20:17","180","23/01/2026 13:20:23","WILSON WEBER","Producao confirmada","04/05/2026 08:52:49","FRANCISCO SCHWARZ MORAES","Ajustado Bug quando tentava excluir uma mdfe","Portal Gerencial Weber - ultimas versoes beta"
"WPROTRIB.ZIP","OUTROS","0","04/09/2026 17:53:49","N/A","04/09/2026 17:53:31","FRANCISCO SCHWARZ MORAES","Nao confirmado","","","Aumentado timeout na obtenção dos produtos na API para tributo para 3min","Portal Gerencial Weber - ultimas versoes beta"
